PRODUTO;UNIDADE;ANO;REGIÃO;ESTADO;JAN;FEV;MAR;ABR;MAI;JUN;JUL;AGO;SET;OUT;NOV;DEZ;TOTAL
TERRA (m3);m3;2000;REGIÃO NORTE;AMAZONAS;216278;200210;217936;212014;214327;214066;220557;198024;185941;214253;207070;206952;2507628
TERRA (m3);m3;2000;REGIÃO NORDESTE;MARANHÃO;0;0;0;0;0;0;0;0;0;0;0;0;0
TERRA (m3);m3;2000;REGIÃO NORDESTE;CEARÁ;11007;10151;10010;10558;11700;11552;12953;12100;10973;11438;10604;11903;134949
TERRA (m3);m3;2000;REGIÃO NORDESTE;RIO GRANDE DO NORTE;402411;359032,5;372261;352293;354631;357639;374509;370718;348102;357758;340078;357327;4346759,5
TERRA (m3);m3;2000;REGIÃO NORDESTE;ALAGOAS;25600;25142;26124;25805;26154;28353;28707;29195;26489;27358;26538;28036;323501
TERRA (m3);m3;2000;REGIÃO NORDESTE;SERGIPE;118782;112772;120995;116268;121387;116405;118485;118793;115260;119539;116025;120835;1415546
TERRA (m3);m3;2000;REGIÃO NORDESTE;BAHIA;227358;210719;225950;221046;227765;219027;226284;219666;217652;229027;225368;228764;2678626
TERRA (m3);m3;2000;REGIÃO SUDESTE;ESPÍRITO SANTO;48465;43792;45435;46383;52024;54935;61874;65986;68150;77595;76705;84940;726284
TERRA (m3);m3;2000;REGIÃO SUDESTE;RIO DE JANEIRO;0;0;0;0;0;0;0;0;0;0;0;0;0
TERRA (m3);m3;2000;REGIÃO SUDESTE;SÃO PAULO;0;0;0;0;0;0;0;0;0;0;0;0;0
TERRA (m3);m3;2000;REGIÃO SUL;PARANÁ;0;0;0;0;0;0;0;0;0;0;0;0;0
TERRA (m3);m3;2001;REGIÃO NORTE;AMAZONAS;201747;198511;217071;202306;215497;208048;191463;197037;210400;223529;215568;221724;2502901
TERRA (m3);m3;2001;REGIÃO NORDESTE;MARANHÃO;0;0;0;0;0;0;0;0;0;0;0;0;0
TERRA (m3);m3;2001;REGIÃO NORDESTE;CEARÁ;11242;10878;12884;10362;11215;10678;12251;13492;11177;13278;13402;11143;142002
TERRA (m3);m3;2001;REGIÃO NORDESTE;RIO GRANDE DO NORTE;363675;300925;310695;334652;342877;327815;357482;358416;354559;351069;349720;352671;4104556
TERRA (m3);m3;2001;REGIÃO NORDESTE;ALAGOAS;27979;25132;26930;26585;28298;28019;28955;27900;28368;29241;28362,21;29416,81;335186,02
TERRA (m3);m3;2001;REGIÃO NORDESTE;SERGIPE;120510;109247;123043;121016;125184;122170;126790;125481;120989;124841;120711;124660;1464642
TERRA (m3);m3;2001;REGIÃO NORDESTE;BAHIA;229620;207428;225768;213920;222403;213482;211338;216224;211236,4;220567;207168,66;213860,42;2593015,48
TERRA (m3);m3;2001;REGIÃO SUDESTE;ESPÍRITO SANTO;87986;82863;91558;88030;94482;98830;103051;105827;105761;105305;77945;85089;1126727
TERRA (m3);m3;2001;REGIÃO SUDESTE;RIO DE JANEIRO;0;0;0;0;0;0;0;0;0;0;0;0;0
TERRA (m3);m3;2001;REGIÃO SUDESTE;SÃO PAULO;0;0;0;0;0;0;0;0;0;0;0;0;0
TERRA (m3);m3;2001;REGIÃO SUL;PARANÁ;0;0;0;0;0;0;0;0;0;0;0;0;0
TERRA (m3);m3;2002;REGIÃO NORTE;AMAZONAS;224693;199578;218730;204845;220047;212677;223040;222636;210640;213004;187542;192669;2530101
TERRA (m3);m3;2002;REGIÃO NORDESTE;MARANHÃO;0;0;0;0;0;0;0;0;0;0;0;0;0
TERRA (m3);m3;2002;REGIÃO NORDESTE;CEARÁ;12031;10008;12628;10216;11126;11055;10545;10057;9958;12083;11198;10714;131619
TERRA (m3);m3;2002;REGIÃO NORDESTE;RIO GRANDE DO NORTE;344030;319645;335963;321675;339302;339330;337908;331494;324890;333525;324126;328755;3980643
TERRA (m3);m3;2002;REGIÃO NORDESTE;ALAGOAS;33561,71;29885,08;31926,3;28740,45;31140,68;29044,76;29797,88;35285,47;33192,79;34132,66;35722,44;36525,35;388955,57
TERRA (m3);m3;2002;REGIÃO NORDESTE;SERGIPE;124656;112700;124988;122578;127506;126529;133400;130435;130340;138670;134424;132989;1539215
TERRA (m3);m3;2002;REGIÃO NORDESTE;BAHIA;216599,3;193920,12;212268,81;214441,83;221206,12;210407,54;212811,18;221577,11;208139,8;215904,6;209694,35;216589,95;2553560,71
TERRA (m3);m3;2002;REGIÃO SUDESTE;ESPÍRITO SANTO;115968;106273;115846;112754;111250;126319;120643;126900;118627;122662;121042;129989;1428273
TERRA (m3);m3;2002;REGIÃO SUDESTE;RIO DE JANEIRO;0;0;0;0;0;0;0;0;0;0;0;0;0
TERRA (m3);m3;2002;REGIÃO SUDESTE;SÃO PAULO;0;0;0;0;0;0;0;0;0;0;0;0;0
TERRA (m3);m3;2002;REGIÃO SUL;PARANÁ;0;0;0;0;0;0;0;0;0;0;0;0;0
TERRA (m3);m3;2003;REGIÃO NORTE;AMAZONAS;208376;192111;210741;201112;187237;195411;200531;211034;212424;212905;206761;211325;2449968
TERRA (m3);m3;2003;REGIÃO NORDESTE;MARANHÃO;0;0;0;0;0;0;0;0;0;0;0;0;0
TERRA (m3);m3;2003;REGIÃO NORDESTE;CEARÁ;11227;11627;13341;13372;12807;15220;14315;14138;13925;12724;12407;13361;158464
TERRA (m3);m3;2003;REGIÃO NORDESTE;RIO GRANDE DO NORTE;321576;301621;330880;313187;329558;322715;320708;339161;318539;345177;328268;348945;3920335
TERRA (m3);m3;2003;REGIÃO NORDESTE;ALAGOAS;34477;33106,32;35792,42;31682,86;30312,92;27463,05;32234,76;41214,08;38902;38048,81;33564,78;34324,36;411123,36
TERRA (m3);m3;2003;REGIÃO NORDESTE;SERGIPE;138500;128400;139362;141000;150400;142950;148270;151850;143350;148790;143200;147380;1723452
TERRA (m3);m3;2003;REGIÃO NORDESTE;BAHIA;217802,4;194956,51;215657,06;209781,87;214412,02;198751,56;213677,58;219560,79;210875,8;223581,94;212703,98;222261,69;2554023,2
TERRA (m3);m3;2003;REGIÃO SUDESTE;ESPÍRITO SANTO;129392;124031;134010;126225;128682;123532;122195;116004;116262;118418;110364;110885;1460000
TERRA (m3);m3;2003;REGIÃO SUDESTE;RIO DE JANEIRO;0;0;0;0;0;0;0;0;0;0;0;0;0
TERRA (m3);m3;2003;REGIÃO SUDESTE;SÃO PAULO;0;0;0;0;0;0;0;0;0;0;0;0;0
TERRA (m3);m3;2003;REGIÃO SUL;PARANÁ;0;0;0;0;0;0;0;0;0;0;0;0;0
TERRA (m3);m3;2004;REGIÃO NORTE;AMAZONAS;210294;197773;213596;205146;208338;202951;208956;210243;201916;206374;200562;204652;2470801
TERRA (m3);m3;2004;REGIÃO NORDESTE;MARANHÃO;0;0;0;0;0;0;0;0;0;0;0;0;0
TERRA (m3);m3;2004;REGIÃO NORDESTE;CEARÁ;13358;12787;12784;12932;6455;6529;11465;10631;10532;11762;10314;8535;128084
TERRA (m3);m3;2004;REGIÃO NORDESTE;RIO GRANDE DO NORTE;349540;309961;334787;320250;339263;326661;334687;333047;313296;335576;316367;325304;3938739
TERRA (m3);m3;2004;REGIÃO NORDESTE;ALAGOAS;31325;28836,19;31329;29952;33492,95;35620;37737;35485,25;32925,89;32299,91;32487,76;32300,9;393791,85
TERRA (m3);m3;2004;REGIÃO NORDESTE;SERGIPE;143850;138650;152020;147370;153987;154105;159825;160120;152550;155440;148150;151561;1817628
TERRA (m3);m3;2004;REGIÃO NORDESTE;BAHIA;213621;200936,1;215175;211477;214683,36;209228;226054;226385,86;217897,84;227824,75;216629,38;215398,99;2595311,28
TERRA (m3);m3;2004;REGIÃO SUDESTE;ESPÍRITO SANTO;107994;101653;106794;98265;100443;95612;80741;97085;91715;93259;91378;92188;1157127
TERRA (m3);m3;2004;REGIÃO SUDESTE;RIO DE JANEIRO;0;0;0;0;0;0;0;0;0;0;0;0;0
TERRA (m3);m3;2004;REGIÃO SUDESTE;SÃO PAULO;0;0;0;0;0;0;0;0;0;0;0;0;0
TERRA (m3);m3;2004;REGIÃO SUL;PARANÁ;0;0;0;0;0;0;0;0;0;0;0;0;0
TERRA (m3);m3;2005;REGIÃO NORTE;AMAZONAS;202426;175702;196980;196304;201278;191112;201166;199608;187906;192687;175751;164666;2285586
TERRA (m3);m3;2005;REGIÃO NORDESTE;MARANHÃO;0;0;0;0;0;0;0;0;0;0;0;0;0
TERRA (m3);m3;2005;REGIÃO NORDESTE;CEARÁ;8627;5397;8520;8453;8987;6758;7843;8446;7700;7923;7867;7699;94220
TERRA (m3);m3;2005;REGIÃO NORDESTE;RIO GRANDE DO NORTE;313094;287869;308928;299945;311729;307983;322161;315437;297273;305952;294976;296325;3661672
TERRA (m3);m3;2005;REGIÃO NORDESTE;ALAGOAS;36248,57;33111,44;35652,31;33710,4;33814,15;31878;31152;34281;34295;34695;34660;35436,78;408934,65
TERRA (m3);m3;2005;REGIÃO NORDESTE;SERGIPE;162680;145092;159290;157029;157086;154842;159203;156787;155373;163074;161010;161838;1893304
TERRA (m3);m3;2005;REGIÃO NORDESTE;BAHIA;206830,46;189551,95;219357,95;209990,73;217268,15;208047;212776;220873;214747;223713;219282;224209,7;2566646,94
TERRA (m3);m3;2005;REGIÃO SUDESTE;ESPÍRITO SANTO;92083;83989;91268;86441;89109;86890;86786;82995;79096;78225;74873;75894;1007649
TERRA (m3);m3;2005;REGIÃO SUDESTE;RIO DE JANEIRO;0;0;0;0;0;0;0;0;0;0;0;0;0
TERRA (m3);m3;2005;REGIÃO SUDESTE;SÃO PAULO;0;0;0;0;0;0;0;0;0;0;0;;0
TERRA (m3);m3;2005;REGIÃO SUL;PARANÁ;0;0;0;0;0;0;0;0;0;0;0;0;0
TERRA (m3);m3;2006;REGIÃO NORTE;AMAZONAS;177490;153495;178956;179878;179979;174929;178234;178669;161013;176114;169484;168458;2076699
TERRA (m3);m3;2006;REGIÃO NORDESTE;MARANHÃO;0;0;0;0;0;0;0;0;0;0;0;0;0
TERRA (m3);m3;2006;REGIÃO NORDESTE;CEARÁ;7240,2;6532;8027;6157;8142;9288;7131;6986;6760;6946;8033;7567;88809,2
TERRA (m3);m3;2006;REGIÃO NORDESTE;RIO GRANDE DO NORTE;292275,04;264061,55;283992,22;273269,67;278721,5;266251,2;277205,95;276558,08;262731,67;261572,39;249975,17;262318,99;3248933,43
TERRA (m3);m3;2006;REGIÃO NORDESTE;ALAGOAS;36932,88;36085,3;43034;40485,07;38047,841;35678,38;37231,63;38867,28;40287,56;41911,45;39129,81;39001,966;466693,167
TERRA (m3);m3;2006;REGIÃO NORDESTE;SERGIPE;164643,3;146446;160810;156451;159190;154828;158341;159914;156552;165712;162140;169799;1914826,3
TERRA (m3);m3;2006;REGIÃO NORDESTE;BAHIA;215209,52;196091,85;214259,112;205100,66;215051,93;201012,43;207501,01;206552,38;202403;212812,47;206681,82;213916,72;2496592,902
TERRA (m3);m3;2006;REGIÃO SUDESTE;ESPÍRITO SANTO;77006,2;70291;73700;71917;78639;77043;82787;91894;89919;92659;84035;80337;970227,2
TERRA (m3);m3;2006;REGIÃO SUDESTE;RIO DE JANEIRO;0;0;0;0;0;0;0;0;0;0;0;0;0
TERRA (m3);m3;2006;REGIÃO SUDESTE;SÃO PAULO;0;0;0;0;0;0;0;0;0;0;0;0;0
TERRA (m3);m3;2006;REGIÃO SUL;PARANÁ;0;0;0;0;0;0;0;0;0;0;0;0;0
TERRA (m3);m3;2007;REGIÃO NORTE;AMAZONAS;171729;154282;171910;161049;163265;167495;168776;166220;154666;157819;158538;155916;1951665
TERRA (m3);m3;2007;REGIÃO NORDESTE;MARANHÃO;0;0;0;0;0;0;0;0;0;0;0;0;0
TERRA (m3);m3;2007;REGIÃO NORDESTE;CEARÁ;8672;8256;9497;8900;8871;8712;9506;8972;9167;8489;7729;9430;106201
TERRA (m3);m3;2007;REGIÃO NORDESTE;RIO GRANDE DO NORTE;266645,01;239650,55;264390,12;245408,74;265163,29;260041,893;262412,14;267282,887;259538,59;265441,75;257458,158;274812,491;3128245,619
TERRA (m3);m3;2007;REGIÃO NORDESTE;ALAGOAS;39044,24;36029,99;42264,24;42071,63;40084,94;38320,162;40334,393;38579,17;35932,98;37090,25;36076,03;34758,13;460586,155
TERRA (m3);m3;2007;REGIÃO NORDESTE;SERGIPE;168738;154636,046;170217,4;171475,3;168907,5;172801,5;172404,114;176111,144;175160,882;175872,711;169590,398;173274,218;2049189,213
TERRA (m3);m3;2007;REGIÃO NORDESTE;BAHIA;206899,43;183057,92;205541,22;201910,61;208119,09;206000,77;207165,41;204888,98;204032,09;215827,31;209450,9;215317,96;2468211,69
TERRA (m3);m3;2007;REGIÃO SUDESTE;ESPÍRITO SANTO;85133;81923;85236;89592;87022;80037;76458;72456;73158;73197;70133;73615;947960
TERRA (m3);m3;2007;REGIÃO SUDESTE;RIO DE JANEIRO;0;0;0;0;0;0;0;0;0;0;0;0;0
TERRA (m3);m3;2007;REGIÃO SUDESTE;SÃO PAULO;0;0;0;0;0;0;0;0;0;0;0;0;0
TERRA (m3);m3;2007;REGIÃO SUL;PARANÁ;0;0;0;0;0;0;0;0;0;0;0;0;0
TERRA (m3);m3;2008;REGIÃO NORTE;AMAZONAS;159303;148578;159732;153889;155139;151914;155585;158447;152883;153597;150012;154265;1853344
TERRA (m3);m3;2008;REGIÃO NORDESTE;MARANHÃO;0;0;0;0;0;0;0;0;0;0;0;0;0
TERRA (m3);m3;2008;REGIÃO NORDESTE;CEARÁ;7798;6924;7023;8049,82;8519,25;8056,22;9528,24;10052,84;10105,9;11351,32;11481,72;12210,69;111101
TERRA (m3);m3;2008;REGIÃO NORDESTE;RIO GRANDE DO NORTE;268487,838;251921,424;280135,372;239201,787;248790,228;236011,197;253971,808987478;262991,402647085;254906,754;258978,695;248247,718;250112,577;3053756,80163456
TERRA (m3);m3;2008;REGIÃO NORDESTE;ALAGOAS;34282,67;29554,4;30778,92;30874,89;31592,7640245811;29345,1784679317;29663,5;28462,9;24235;18160,73;25925,13;27151,28;340027,362492513
TERRA (m3);m3;2008;REGIÃO NORDESTE;SERGIPE;176495,858;157063,084;166354,371;160730,142;169630,786470028;165194,922461597;165433,709;166334,099755533;162016,996018933;165037,289;151526,263130892;161016,238381555;1966833,75921854
TERRA (m3);m3;2008;REGIÃO NORDESTE;BAHIA;207307,84;195101,44;204675,184;197095,500805811;198483,73615;193646,589;199861,7917;202197,36;200094,602;208843,302;197671,383;204642,521244613;2409621,24990042
TERRA (m3);m3;2008;REGIÃO SUDESTE;ESPÍRITO SANTO;73777,1512;69355,9513;70992,7504;67251,548;70608,85;64073,208;64226,917;64165,824;62300,86;71183,012;67325,63;66782,26;812043,9619
TERRA (m3);m3;2008;REGIÃO SUDESTE;RIO DE JANEIRO;0;0;0;0;0;0;0;0;0;0;0;;0
TERRA (m3);m3;2008;REGIÃO SUDESTE;SÃO PAULO;0;0;0;0;0;0;0;0;0;0;0;;0
TERRA (m3);m3;2008;REGIÃO SUL;PARANÁ;0;0;0;0;0;0;0;0;0;0;0;;0
TERRA (m3);m3;2009;REGIÃO NORTE;AMAZONAS;161957;147887;155251;161110;165684;163282;168541;165551;158993;165889;172534;176977;1963656
TERRA (m3);m3;2009;REGIÃO NORDESTE;MARANHÃO;0;0;0;0;0;0;0;0;0;0;0;0;0
TERRA (m3);m3;2009;REGIÃO NORDESTE;CEARÁ;10907,46;9741,44;10730,83;10123,49;10198,32;9244,85;10654,36;10827,86;10189,62;9878,47;9095,89;9343,61;120936,2
TERRA (m3);m3;2009;REGIÃO NORDESTE;RIO GRANDE DO NORTE;252635,563;231664,046;258186,7;240884,435;237708,820916;233846,923;250421,739;248934,056;232748,768;241470,477;232323,176;247807,5042;2908632,208116
TERRA (m3);m3;2009;REGIÃO NORDESTE;ALAGOAS;27222,18;24839,9;28109,55;27518,96;27161,09;28163,63;29853,05;32900,59;32771,4999998719;34629,737615;30935,917137;32960,624467;357066,729218872
TERRA (m3);m3;2009;REGIÃO NORDESTE;SERGIPE;166529,715579812;151647,83;162609,812323532;165331,08616;169426,40072932;163507,45889;172505,39926;175612,96481;166887,23248;169401,77021;167140,38364;169963,48107;2000563,53515266
TERRA (m3);m3;2009;REGIÃO NORDESTE;BAHIA;198387,145714492;180495,70217;197741,23719;188842,49528;196571,28907;187205,66788;195561,25367;196107,55526;190082,04247;201364,800261026;195447,57378;200142,073513793;2327948,83625931
TERRA (m3);m3;2009;REGIÃO SUDESTE;ESPÍRITO SANTO;64110,18;58579,32;54376,18;49921,426;64213,825;66410,063;66938,77;66023,7755;58124,13;61419,485;57297,71;61800,0043;729214,8688
TERRA (m3);m3;2009;REGIÃO SUDESTE;RIO DE JANEIRO;0;0;0;0;0;0;0;0;0;0;0;0;0
TERRA (m3);m3;2009;REGIÃO SUDESTE;SÃO PAULO;0;0;0;0;0;0;0;0;0;0;0;0;0
TERRA (m3);m3;2009;REGIÃO SUL;PARANÁ;0;0;0;0;0;0;0;0;0;0;0;0;0
TERRA (m3);m3;2010;REGIÃO NORTE;AMAZONAS;172132;153225;172679;179775;185604;179799;180991;180766;169884;150163;167813;178693;2071524
TERRA (m3);m3;2010;REGIÃO NORDESTE;MARANHÃO;0;0;0;0;0;0;0;0;0;0;0;0;0
TERRA (m3);m3;2010;REGIÃO NORDESTE;CEARÁ;9881,76;8220,03;9131,11;9106,77;8071,26;8388,66;8217,37;9568,69;9076,43;9264,2;8975,33;9307,39;107209
TERRA (m3);m3;2010;REGIÃO NORDESTE;RIO GRANDE DO NORTE;245787,578;219049,749;235965,662;217074,635;225599,093;235598,47949;242927,78501;245631,39804;245049,83316;246608,67751;235376,79014;246166,9715;2840836,65185
TERRA (m3);m3;2010;REGIÃO NORDESTE;ALAGOAS;29981,51821;27311,43456;29634,27944;30008,30222;29358,67143;25871,66741;24585,94233;25420,38848;25006,38704;24576,99045;23644,45237;27266,72597;322666,75991
TERRA (m3);m3;2010;REGIÃO NORDESTE;SERGIPE;166527,21563;149602,70826;165741,81908;156610,3621;166098,52114;152062,15065;157317,0869;159014,18719;153740,73116;162465,98044;158690,39981;163125,13856;1910996,30092
TERRA (m3);m3;2010;REGIÃO NORDESTE;BAHIA;202687,88998;182955,19817;201831,35011;194813,2663;202868,12278;194736,29931;206836,32238;219238,05977;208399,23327;221523,39329;213776,40961;222664,63207;2472330,17704
TERRA (m3);m3;2010;REGIÃO SUDESTE;ESPÍRITO SANTO;65644,57;56133,811;61235,8352;61003,439;63410,556;62218,614;65025,586;72263,44463;65468,89888;66615,15698;59363,702;64866,761;763250,37469
TERRA (m3);m3;2010;REGIÃO SUDESTE;RIO DE JANEIRO;0;0;0;0;0;0;0;0;0;0;0;0;0
TERRA (m3);m3;2010;REGIÃO SUDESTE;SÃO PAULO;0;0;0;0;0;0;0;0;0;0;0;0;0
TERRA (m3);m3;2010;REGIÃO SUL;PARANÁ;0;0;0;0;0;0;0;0;0;0;0;0;0
TERRA (m3);m3;2011;REGIÃO NORTE;AMAZONAS;170218;155392;167451;164087;168252;166234;171866;175778;177111,73;173045,18;160640,42;166411,39;2016486,72
TERRA (m3);m3;2011;REGIÃO NORDESTE;MARANHÃO;0;0;0;0;0;0;0;0;0;0;0;0;0
TERRA (m3);m3;2011;REGIÃO NORDESTE;CEARÁ;9217;7568,13;8686,72;7228,36;7195,13;6584,51;7640,05;6971,5;7280,77;8248,169;6834,855;6734,009;90189,203
TERRA (m3);m3;2011;REGIÃO NORDESTE;RIO GRANDE DO NORTE;256320,8657;233309,13963;255375,59916;245903,87122;230795,98201;231376,43923;249942,7442;253085,58784;243508,6378;250670,98851;250238,10376;255815,46505;2956343,42411
TERRA (m3);m3;2011;REGIÃO NORDESTE;ALAGOAS;27693,50904;21355,22202;26986,94049;25880,80807;26536,84818;26434,56623;27329,83017;26113,61314;24078,96153;23659,54575;22910,96458;22486,71661;301467,52581
TERRA (m3);m3;2011;REGIÃO NORDESTE;SERGIPE;163055,54551;145942,11053;161563,95118;150848,43287;156820,87141;153163,37149;157662,19628;156424,51016;152875,60006;158716,97011;151159,14085;159111,75329;1867344,45374
TERRA (m3);m3;2011;REGIÃO NORDESTE;BAHIA;218408,51484;196089,27808;217484,23828;209753,08575;217186,24326;207888,69527;210000,22951;211022,59264;203481,39876;208262,0256;198825,55033;209767,47079;2508169,32311
TERRA (m3);m3;2011;REGIÃO SUDESTE;ESPÍRITO SANTO;60903,01534;56946,17214;60613,07842;63695,54773;68121,07368;71739,12305;75876,86314;73646,21204;74129,28277;79279,25053;70706,40885;67674,79306;823330,82075
TERRA (m3);m3;2011;REGIÃO SUDESTE;RIO DE JANEIRO;0;0;0;0;0;0;0;0;0;0;0;0;0
TERRA (m3);m3;2011;REGIÃO SUDESTE;SÃO PAULO;0;0;0;0;0;0;0;0;0;0;0;0;0
TERRA (m3);m3;2011;REGIÃO SUL;PARANÁ;0;0;0;0;0;0;0;0;0;0;0;0;0
TERRA (m3);m3;2012;REGIÃO NORTE;AMAZONAS;167869,35;152514,26;164689,89;151363,49;164404,96;161155,46;163004,64;164599,36;159730,25;165953,81;162502,78;174991,41;1952779,66
TERRA (m3);m3;2012;REGIÃO NORDESTE;MARANHÃO;0;0;0;0;0;0;0;0;0;0;0;0;0
TERRA (m3);m3;2012;REGIÃO NORDESTE;CEARÁ;6994,338;6399,798;6767,588;6519,476;6450,553;5887,726;6240,656;5930,932;5533,386;5218,972;5214,147;5461,561;72619,133
TERRA (m3);m3;2012;REGIÃO NORDESTE;RIO GRANDE DO NORTE;244776,58351;239086,54694;256743,06361;250572,21213;261700,71302;249315,42711;255474,94474;257052,55808;247035,37628;250043,76413;245966,95331;257544,56974;3015312,7126
TERRA (m3);m3;2012;REGIÃO NORDESTE;ALAGOAS;22390,60208;21829,01054;20374,11017;23066,78812;23253,63503;21674,89089;21228,58785;21651,68991;21478,0442;19887,33323;21765,20952;23200,19499;261800,09653
TERRA (m3);m3;2012;REGIÃO NORDESTE;SERGIPE;157212,87383;148193,34422;157189,61488;149236,77392;156483,38771;150035,88569;153928,4995;153528,02098;151302,84441;155622,55946;147016,54471;156151,02172;1835901,37103
TERRA (m3);m3;2012;REGIÃO NORDESTE;BAHIA;208704,01181;191785,88649;207332,45349;197703,80351;211400,33155;207270,61462;208194,0965;212883,95052;203238,51039;216430,94375;211282,75934;221716,14589;2497943,50786
TERRA (m3);m3;2012;REGIÃO SUDESTE;ESPÍRITO SANTO;57962,29425;61120,12301;66836,008;65399,086;75804,477;76198,623;83333,943;79011,003;77793,69786;76539,74;69958,54802;74154,653;864112,19614
TERRA (m3);m3;2012;REGIÃO SUDESTE;RIO DE JANEIRO;0;0;0;0;0;0;0;0;0;0;0;0;0
TERRA (m3);m3;2012;REGIÃO SUDESTE;SÃO PAULO;0;0;0;0;0;0;0;0;0;0;0;0;0
TERRA (m3);m3;2012;REGIÃO SUL;PARANÁ;0;0;0;0;0;0;0;0;0;0;0;0;0
TERRA (m3);m3;2013;REGIÃO NORTE;AMAZONAS;167217,76;147561,51;160994,86;155064,13;156512,36;141515,45;145814,52;144833,37;134674,64;146912,24;143396,43;147284,9;1791782,17
TERRA (m3);m3;2013;REGIÃO NORDESTE;MARANHÃO;0;0;0;0;0;458,59872;710,82999;710,83;687,89999;710,83;687,89999;710,83001;4677,7187
TERRA (m3);m3;2013;REGIÃO NORDESTE;CEARÁ;5368,189;4930,478;5522,249;5356,27;5575,114;5483,92;5668,503;5701,135;5487,848;5635,018;5378,291;5550,348;65657,363
TERRA (m3);m3;2013;REGIÃO NORDESTE;RIO GRANDE DO NORTE;262197,18614;237640,10888;261467,28282;251497,19844;253192,18859;248321,18551;254198,98141;257116,89762;250084,70192;258786,26663;248324,87477;256423,71345;3039250,58618
TERRA (m3);m3;2013;REGIÃO NORDESTE;ALAGOAS;19473,01944;16791,98194;17182,47063;16177,42614;17592,94548;18370,40201;16807,7308;17903,00126;17704,52014;17079,29431;16394,62136;16831,49127;208308,90478
TERRA (m3);m3;2013;REGIÃO NORDESTE;SERGIPE;147076,71778;137767,02991;150851,96683;143588,85091;143332,84764;140226,4794;138530,32585;139132,54108;137446,97366;140116,10326;132887,63238;138657,27291;1689614,74161
TERRA (m3);m3;2013;REGIÃO NORDESTE;BAHIA;206008,39295;194152,18211;217645,9548;211294,21438;214685,62519;207653,19043;212585,86335;214920,40451;210827,42455;202657,28282;203499,44191;212342,53055;2508272,50755
TERRA (m3);m3;2013;REGIÃO SUDESTE;ESPÍRITO SANTO;73167,80708;70941,178;71386,117;75878,94758;77809,486;72060,64464;66571,915;68933,917;70744,89882;70955,27093;68614,7783;63520,2151;850585,17545
TERRA (m3);m3;2013;REGIÃO SUDESTE;RIO DE JANEIRO;0;0;0;0;0;0;0;0;0;0;0;0;0
TERRA (m3);m3;2013;REGIÃO SUDESTE;SÃO PAULO;0;0;0;0;0;0;0;0;0;0;0;0;0
TERRA (m3);m3;2013;REGIÃO SUL;PARANÁ;0;0;0;0;0;0;0;0;0;0;0;0;0
TERRA (m3);m3;2014;REGIÃO NORTE;AMAZONAS;146345,85;128281,97;138264,38;131683,63;139224,28;135167,96;136883,91;136664,7;130918,95;134873,53;131785,45;135098,97;1625193,58
TERRA (m3);m3;2014;REGIÃO NORDESTE;MARANHÃO;710,83001;642,04001;710,82999;687,90001;710,83001;687,9;710,83;710,83;481,53;549,88;128,86;97,3765;6829,63653
TERRA (m3);m3;2014;REGIÃO NORDESTE;CEARÁ;5466,094;5018,141;5347,398;5186,869;4736,359;4933,298;5064,156;5497,899;6616,156;7594,815;7615,598;7864,522;70941,305
TERRA (m3);m3;2014;REGIÃO NORDESTE;RIO GRANDE DO NORTE;247171,18078;228048,44342;251265,29307;244371,56977;250078,28973;240349,70389;249974,17231;244816,52317;237322,03515;244883,87214;235868,06578;242810,76653;2916959,91574
TERRA (m3);m3;2014;REGIÃO NORDESTE;ALAGOAS;16982,06615;19027,49061;21065,42069;20507,32718;21381,21861;22946,42891;22455,02716;21647,44928;20113,39379;19344,06596;18157,45549;17881,54831;241508,89214
TERRA (m3);m3;2014;REGIÃO NORDESTE;SERGIPE;139914,6365;126419,73282;140460,91006;135682,61486;138428,06198;134972,09693;134230,51251;133855,28864;131433,41184;135124,93793;127011,32154;133473,62007;1611007,14568
TERRA (m3);m3;2014;REGIÃO NORDESTE;BAHIA;212955,62255;191280,33454;215154,58705;205295,32193;213346,57006;200698,55116;211644,84451;208969,81618;203422,6659;210308,9087;203402,51688;208762,48401;2485242,22347
TERRA (m3);m3;2014;REGIÃO SUDESTE;ESPÍRITO SANTO;53247,08151;66315,25423;70275,83699;69210,04938;72657,00229;70602,824;74653,886;74386,027;68914,53069;74097,54646;68247,508;69677,736;832285,28255
TERRA (m3);m3;2014;REGIÃO SUDESTE;RIO DE JANEIRO;0;0;0;0;0;0;0;0;0;0;0;0;0
TERRA (m3);m3;2014;REGIÃO SUDESTE;SÃO PAULO;0;0;0;0;0;0;0;0;0;0;0;0;0
TERRA (m3);m3;2014;REGIÃO SUL;PARANÁ;0;0;0;0;0;0;0;0;0;0;0;0;0
TERRA (m3);m3;2015;REGIÃO NORTE;AMAZONAS;135210,45;122487,65;130797,33;124480,36;128053,14;125533,31;130961,57;129704,23;126193,33;126156,92;122755,61;124037,13;1526371,03
TERRA (m3);m3;2015;REGIÃO NORDESTE;MARANHÃO;76,35952;72,05621;60,35;60,8488;40,50172;55,30197;46,31132;34,01892;67,53388;56,63877;101,15;41,3719;712,44301
TERRA (m3);m3;2015;REGIÃO NORDESTE;CEARÁ;6533,111;6153,635;7282,671;6063,667;6362,199;6922,854;7764,73;7515,984;7460,317;7749,195;7672,114;7297,62;84778,097
TERRA (m3);m3;2015;REGIÃO NORDESTE;RIO GRANDE DO NORTE;244463,82926;225324,69041;244837,3524;235468,95809;245823,99244;238734,37166;245391,71358;242508,19755;235924,67647;249313,94809;240063,31237;253123,46694;2900978,50926
TERRA (m3);m3;2015;REGIÃO NORDESTE;ALAGOAS;18898,4894;19191,74587;21366,30229;20082,80067;21256,45316;19566,39833;24650,10576;24008,44932;22012,86232;21950,58484;12063,33985;22270,5676;247318,09941
TERRA (m3);m3;2015;REGIÃO NORDESTE;SERGIPE;130241,13999;115408,3329;129348,45804;128351,37269;129124,14324;119938,00259;120188,61995;122439,60594;119114,83212;125847,83325;99218,48618;118901,50562;1458122,33251
TERRA (m3);m3;2015;REGIÃO NORDESTE;BAHIA;201666,74627;181858,94814;200014,0848;188281,33642;195715,38628;189135,93461;192771,06968;186906,15053;181943,84949;188125,63158;165883,21462;183675,60682;2255977,95924
TERRA (m3);m3;2015;REGIÃO SUDESTE;ESPÍRITO SANTO;71229,928;62867,625;68744,422;65209,166;67202,791;61696,412;63209,30501;67557,92607;67955,53506;69796,4613;70219,75365;69769,96832;805459,29341
TERRA (m3);m3;2015;REGIÃO SUDESTE;RIO DE JANEIRO;0;0;0;0;0;0;0;0;0;0;0;0;0
TERRA (m3);m3;2015;REGIÃO SUDESTE;SÃO PAULO;0;0;0;0;0;0;0;0;0;0;0;0;0
TERRA (m3);m3;2015;REGIÃO SUL;PARANÁ;0;0;0;0;0;0;0;0;0;0;0;0;0
TERRA (m3);m3;2016;REGIÃO NORTE;AMAZONAS;123416,68;115139,25;120831,38;118159,6;122167,51;117666,12;115280,71;114835,14;106541,1;99679,27;101728,08;105582,34;1361027,18
TERRA (m3);m3;2016;REGIÃO NORDESTE;MARANHÃO;99,6798;110,4519;114,0595;149,84163;146,0742;180,30901;281,10265;208,29344;180,00868;268,67885;276,32118;186,37057;2201,19141
TERRA (m3);m3;2016;REGIÃO NORDESTE;CEARÁ;7592,933;7702,994;8548,386;8321,748;8389,272;8135,474;7785,623;6978,964;6701,909;6710,41;6386,756;6859,795;90114,264
TERRA (m3);m3;2016;REGIÃO NORDESTE;RIO GRANDE DO NORTE;253097,48969;234860,38195;254048,48657;243468,34913;254061,38409;241553,31203;246659,88706;246885,76441;232907,06376;233891,88818;223868,4839;224483,07646;2889785,56723
TERRA (m3);m3;2016;REGIÃO NORDESTE;ALAGOAS;22515,56441;20563,7447;20928,19802;20245,83374;23809,37872;21025,60449;19576,21317;17078,03244;17824,90822;18475,01457;18237,18861;17981,98193;238261,66302
TERRA (m3);m3;2016;REGIÃO NORDESTE;SERGIPE;115931,28542;109522,93152;116942,72064;111534,16575;111702,65107;109291,38984;108578,03166;103618,28913;101823,76636;99176,48658;109123,47479;104356,41467;1301601,60743
TERRA (m3);m3;2016;REGIÃO NORDESTE;BAHIA;183259,28262;171710,37526;176457,92858;172228,97602;174616,8935;168438,51932;177268,11729;169346,47517;169566,52322;172251,61702;165166,26428;165640,50511;2065951,47739
TERRA (m3);m3;2016;REGIÃO SUDESTE;ESPÍRITO SANTO;66284,24772;66336,90708;65719,79386;61575,02549;64422,45338;61589,91465;61875,13885;59993,29988;60779,92399;59282,29551;56750,27593;61083,20354;745692,47988
TERRA (m3);m3;2016;REGIÃO SUDESTE;RIO DE JANEIRO;0;0;0;0;0;0;0;0;0;0;0;0;0
TERRA (m3);m3;2016;REGIÃO SUDESTE;SÃO PAULO;0;0;0;0;0;0;0;0;0;0;0;0;0
TERRA (m3);m3;2016;REGIÃO SUL;PARANÁ;0;0;0;0;0;0;0;0;0;0;0;0;0
TERRA (m3);m3;2017;REGIÃO NORTE;AMAZONAS;103899,88;91667,09;99228,59;98723,58;98664,35;99098,05;109591,54;105075,32;101854,57;98445,9;89503,94;93784,88;1189537,69
TERRA (m3);m3;2017;REGIÃO NORDESTE;MARANHÃO;235,17808;74,87557;6,0774;1,66211;13,33535;108,6141;272,5472;238,86408;287,56898;268,99375;278,3957;347,64104;2133,75336
TERRA (m3);m3;2017;REGIÃO NORDESTE;CEARÁ;6594,893;5598,973;5973,806;5804,508;5939,867;5838,305;6228,639;6021,848;5553,708;6130,756;5712,853;5814,087;71212,243
TERRA (m3);m3;2017;REGIÃO NORDESTE;RIO GRANDE DO NORTE;222583,25504;202161,41293;218484,87901;205792,34365;212982,55841;202339,75778;200699,66003;199749,70765;191058,03386;194625,72524;182197,45156;184680,01503;2417354,80019
TERRA (m3);m3;2017;REGIÃO NORDESTE;ALAGOAS;14370,82008;13779,04491;15560,73007;14537,90307;16727,17955;15555,89336;14736,22582;16085,67216;15661,70563;16179,36102;14705,10086;13180,85826;181080,49479
TERRA (m3);m3;2017;REGIÃO NORDESTE;SERGIPE;101562,53389;87500,53594;92257,37781;82237,21098;94276,08274;84505,87605;85725,83751;84034,91855;82700,64954;86206,26567;81359,90272;82491,64227;1044858,83367
TERRA (m3);m3;2017;REGIÃO NORDESTE;BAHIA;166364,64212;147343,16782;159712,93601;152355,94449;156059,92095;145928,51308;155546,48025;156001,15565;151412,25284;158031,86087;149033,25307;151400,94167;1849191,06882
TERRA (m3);m3;2017;REGIÃO SUDESTE;ESPÍRITO SANTO;57335,52971;49981,07629;50842,91468;46938,37001;49114,01151;50290,28263;52845,907;50499,75182;49164,42184;55332,41317;53039,60822;53233,36115;618617,64803
TERRA (m3);m3;2017;REGIÃO SUDESTE;RIO DE JANEIRO;0;0;0;0;0;0;0;0;0;0;0;0;0
TERRA (m3);m3;2017;REGIÃO SUDESTE;SÃO PAULO;0;0;0;0;0;0;0;0;0;0;0;0;0
TERRA (m3);m3;2017;REGIÃO SUL;PARANÁ;0;0;0;0;0;0;0;0;0;0;0;0;0
TERRA (m3);m3;2018;REGIÃO NORTE;AMAZONAS;95760,84;96673,81;101594,39;100162,8;106128,31;;;;;;;;500320,15
TERRA (m3);m3;2018;REGIÃO NORDESTE;MARANHÃO;246,57259;5,96806;0;16,92123;11,33401;;;;;;;;280,79589
TERRA (m3);m3;2018;REGIÃO NORDESTE;CEARÁ;5079,992;4610,66;5132,929;5146,387;4341,378;;;;;;;;24311,346
TERRA (m3);m3;2018;REGIÃO NORDESTE;RIO GRANDE DO NORTE;184972,3411;162256,83189;176232,32243;169766,19746;171790,49105;;;;;;;;865018,18393
TERRA (m3);m3;2018;REGIÃO NORDESTE;ALAGOAS;13419,95876;12926,68237;12403,46334;12416,60506;10835,90251;;;;;;;;62002,61204
TERRA (m3);m3;2018;REGIÃO NORDESTE;SERGIPE;82597,25157;70467,21531;71253,43887;64797,22888;64710,59892;;;;;;;;353825,73355
TERRA (m3);m3;2018;REGIÃO NORDESTE;BAHIA;152327,93919;134580,02093;143981,84053;137657,40225;139599,10995;;;;;;;;708146,31285
TERRA (m3);m3;2018;REGIÃO SUDESTE;ESPÍRITO SANTO;53222,50817;47880,53218;50780,52061;50821,89825;50607,33833;;;;;;;;253312,79754
TERRA (m3);m3;2018;REGIÃO SUDESTE;RIO DE JANEIRO;0;0;0;0;0;;;;;;;;0
TERRA (m3);m3;2018;REGIÃO SUDESTE;SÃO PAULO;0;0;0;0;0;;;;;;;;0
TERRA (m3);m3;2018;REGIÃO SUL;PARANÁ;0;0;0;0;0;;;;;;;;0
MAR (m3);m3;2000;REGIÃO NORTE;AMAZONAS;0;0;0;0;0;0;0;0;0;0;0;0;0
MAR (m3);m3;2000;REGIÃO NORDESTE;MARANHÃO;0;0;0;0;0;0;0;0;0;0;0;0;0
MAR (m3);m3;2000;REGIÃO NORDESTE;CEARÁ;59330;58483;63570;57204;58420;51237;50652;15604;49212;59260;55580;61656;640208
MAR (m3);m3;2000;REGIÃO NORDESTE;RIO GRANDE DO NORTE;55977;52581;59416;59742;67690;57511;57221;57868;56926;63144;54820;59287;702183
MAR (m3);m3;2000;REGIÃO NORDESTE;ALAGOAS;3698;3437;3906;3750;3440;3720;3750;3875;3750;3875;1993;4030;43224
MAR (m3);m3;2000;REGIÃO NORDESTE;SERGIPE;67457,34;60889,2;65116,84;61945,2;64808,09;62066,63;60013,49;61639,85;57961,17;55996,98;54130;53573;725597,79
MAR (m3);m3;2000;REGIÃO NORDESTE;BAHIA;22;78;119;133;245;392;734;30;0;0;0;0;1753
MAR (m3);m3;2000;REGIÃO SUDESTE;ESPÍRITO SANTO;1946;1784;1923;1789;1616;1710;1627;503;575;711;862;765;15811
MAR (m3);m3;2000;REGIÃO SUDESTE;RIO DE JANEIRO;4419166;3989914;4612185;4332032;4470457;4553809;4603720;4701117;5034889;5237275;5324772;5757441;57036777
MAR (m3);m3;2000;REGIÃO SUDESTE;SÃO PAULO;9062;9926;7072;6660;8582;6458;7038;6678;6574;6662;7458;7817;89987
MAR (m3);m3;2000;REGIÃO SUL;PARANÁ;24234;28399;29485;31085;29932;25632;23066;14819;13582;12705;11552;10369;254860
MAR (m3);m3;2001;REGIÃO NORTE;AMAZONAS;0;0;0;0;0;0;0;0;0;0;0;0;0
MAR (m3);m3;2001;REGIÃO NORDESTE;MARANHÃO;0;0;0;0;0;0;0;0;0;0;0;0;0
MAR (m3);m3;2001;REGIÃO NORDESTE;CEARÁ;59530;55364;66183;64308;65550;64893;66783;61870;60660;64274;58475;60153;748043
MAR (m3);m3;2001;REGIÃO NORDESTE;RIO GRANDE DO NORTE;62219;51348;48793;51826;51908;54901;49499;44626;44011;42978;46019;50872;599000
MAR (m3);m3;2001;REGIÃO NORDESTE;ALAGOAS;4030;3640;4030;3900;4030;3900;4030;4030;3900;4030;3900;4030;47450
MAR (m3);m3;2001;REGIÃO NORDESTE;SERGIPE;51501,66;46515;50699;48221;49062;51124;55798;53855;51132;52801;50067,49;52887;613663,15
MAR (m3);m3;2001;REGIÃO NORDESTE;BAHIA;0;0;0;0;0;0;0;0;0;0;0;0;0
MAR (m3);m3;2001;REGIÃO SUDESTE;ESPÍRITO SANTO;823;784;775;833;759;798;733;863;764;854;578;1347;9911
MAR (m3);m3;2001;REGIÃO SUDESTE;RIO DE JANEIRO;5260179;4863081;5012706;4865861;4682294;4968410;5196716;5105183;5000529;4552040;5195446;5786753;60489198
MAR (m3);m3;2001;REGIÃO SUDESTE;SÃO PAULO;7766;7547;7753;6149;6072;7023;7730;9149;6792;9442;6282;7129;88834
MAR (m3);m3;2001;REGIÃO SUL;PARANÁ;9597;7977;12332;14841;20896;13378;15505;14072;13007;12360;10776;10092;154833
MAR (m3);m3;2002;REGIÃO NORTE;AMAZONAS;0;0;0;0;0;0;0;0;0;0;0;0;0
MAR (m3);m3;2002;REGIÃO NORDESTE;MARANHÃO;0;0;0;0;0;0;0;0;0;0;0;0;0
MAR (m3);m3;2002;REGIÃO NORDESTE;CEARÁ;56805;53162;57596;48792;57082;55702;57625;56647;49910;53995;58708;62883;668907
MAR (m3);m3;2002;REGIÃO NORDESTE;RIO GRANDE DO NORTE;48330;49795;55637;53393;52161;46649;46944;60273;44348;49145;50622;48493;605790
MAR (m3);m3;2002;REGIÃO NORDESTE;ALAGOAS;4030;3640;4030;3873;3694;3900;4030;3445;3388;3720;3340;3025;44115
MAR (m3);m3;2002;REGIÃO NORDESTE;SERGIPE;52929;47615;51173;38348;29451;36290;44708;48760;46182;42526;38208;40609;516799
MAR (m3);m3;2002;REGIÃO NORDESTE;BAHIA;0;0;0;0;0;0;0;0;0;0;0;0;0
MAR (m3);m3;2002;REGIÃO SUDESTE;ESPÍRITO SANTO;1843;1492;1674;1602;1593;1446;1279;1761;1696;19131;74384;72995;180896
MAR (m3);m3;2002;REGIÃO SUDESTE;RIO DE JANEIRO;5853109;5248960;5946593;5832032;6067487;5953159;5933989;6156337;5897143;6040962;5420563;5332373;69682707
MAR (m3);m3;2002;REGIÃO SUDESTE;SÃO PAULO;9119;8560;8772;7906;7351;5575;7708;8071;7247;6813;7139;7594;91855
MAR (m3);m3;2002;REGIÃO SUL;PARANÁ;9191;3862;1247;6725;25536;8668;301;0;0;0;0;0;55530
MAR (m3);m3;2003;REGIÃO NORTE;AMAZONAS;0;0;0;0;0;0;0;0;0;0;0;0;0
MAR (m3);m3;2003;REGIÃO NORDESTE;MARANHÃO;0;0;0;0;0;0;0;0;0;0;0;0;0
MAR (m3);m3;2003;REGIÃO NORDESTE;CEARÁ;67954;62559;62094;62349;64148;58296;57998;56783;55688;60869;46212;47632;702582
MAR (m3);m3;2003;REGIÃO NORDESTE;RIO GRANDE DO NORTE;54114;48669;55616;53183;53318;48407;48935;52386;53108;53908;49409;51743;622796
MAR (m3);m3;2003;REGIÃO NORDESTE;ALAGOAS;2635;2380;2635;2550;2635;2550;2446;2635;2456;2180;2470;2615;30187
MAR (m3);m3;2003;REGIÃO NORDESTE;SERGIPE;42397;38106;37984;25705;35930;33295;30830;35794,76;36595;38722,44;32377,2;33602,97;421339,37
MAR (m3);m3;2003;REGIÃO NORDESTE;BAHIA;0;0;0;0;0;0;0;0;0;0;0;0;0
MAR (m3);m3;2003;REGIÃO SUDESTE;ESPÍRITO SANTO;90367;77570;88246;81060;91780;46461;89882;101703;104877;94139;93043;92833;1051961
MAR (m3);m3;2003;REGIÃO SUDESTE;RIO DE JANEIRO;6083165;5639407;6119297;5982027;6009279;5295607;6035835;6195257,1;5897295,94;5990831,7;5752133,37;5945898,19;70946033,3
MAR (m3);m3;2003;REGIÃO SUDESTE;SÃO PAULO;7810;8462;7535;6979;6669;6035;6088;7702;6605;9141;6812;5099;84937
MAR (m3);m3;2003;REGIÃO SUL;PARANÁ;0;9124;0;0;15063;28511;25151;49950;50853;40803;33243;29798;282496
MAR (m3);m3;2004;REGIÃO NORTE;AMAZONAS;0;0;0;0;0;0;0;0;0;0;0;0;0
MAR (m3);m3;2004;REGIÃO NORDESTE;MARANHÃO;0;0;0;0;0;0;0;0;0;0;0;0;0
MAR (m3);m3;2004;REGIÃO NORDESTE;CEARÁ;55881;49741;52284;44654;49345;61137;62310;58762;57922;54231;57359;60354;663980
MAR (m3);m3;2004;REGIÃO NORDESTE;RIO GRANDE DO NORTE;56672;52383;54166;56277;57959;62189;64730;59094;58183;56919;54135;53904;686611
MAR (m3);m3;2004;REGIÃO NORDESTE;ALAGOAS;2635;2465;2635;2375;116;1472;3410;3410;3245;3240;3115;3100;31218
MAR (m3);m3;2004;REGIÃO NORDESTE;SERGIPE;35302;31928,12;34092;31269;34103,83;35733;34075;32940;31830;33809,53;33298,57;33827,52;402208,57
MAR (m3);m3;2004;REGIÃO NORDESTE;BAHIA;0;0;0;0;0;0;0;0;0;0;0;0;0
MAR (m3);m3;2004;REGIÃO SUDESTE;ESPÍRITO SANTO;1242;1265;1210;37265;105272;98521;96741;78071;76558;44814;76797;82895;700651
MAR (m3);m3;2004;REGIÃO SUDESTE;RIO DE JANEIRO;5927532;5524838,48;6034987;5673428;5655358,06;5727569;6086138;6048329;5966831,65;6101713,88;5654351,04;6054920,83;70455996,94
MAR (m3);m3;2004;REGIÃO SUDESTE;SÃO PAULO;7141;8006;7443;6709;7767;7455;6639;6835;6688;6340;1986;7836;80845
MAR (m3);m3;2004;REGIÃO SUL;PARANÁ;26148;33341;41440;34159;35166;41846;45450;42839;42762;32827;30333;37676;443987
MAR (m3);m3;2005;REGIÃO NORTE;AMAZONAS;0;0;0;0;0;0;0;0;0;0;0;0;0
MAR (m3);m3;2005;REGIÃO NORDESTE;MARANHÃO;0;0;0;0;0;0;0;0;0;0;0;0;0
MAR (m3);m3;2005;REGIÃO NORDESTE;CEARÁ;60178;45895;53283;53548;47818;47404;53297;53707;48330;47840;46726;45529;603555
MAR (m3);m3;2005;REGIÃO NORDESTE;RIO GRANDE DO NORTE;55106;50730;55193;52573;56999;54024;56447;53542;54334;57840;56160;57271;660219
MAR (m3);m3;2005;REGIÃO NORDESTE;ALAGOAS;3070;2089;2210;2048;2535;2503;2652;2669;2590;2647;2291;2330;29634
MAR (m3);m3;2005;REGIÃO NORDESTE;SERGIPE;30628,36;29425,45;31326,66;29009,05;28070,81;29672;33302;32948;31329;30952;29365;30825;366853,33
MAR (m3);m3;2005;REGIÃO NORDESTE;BAHIA;0;0;0;0;0;0;0;0;0;0;0;0;0
MAR (m3);m3;2005;REGIÃO SUDESTE;ESPÍRITO SANTO;85922;75836;96994;93362;43123;84658;51083;90670;87291;75642;78666;81980;945227
MAR (m3);m3;2005;REGIÃO SUDESTE;RIO DE JANEIRO;6077142,41;5474340,94;6281155,58;6734141,94;7078861,68;6846748;7018819;6717511;6719050;6971584;6765637;7090170,37;79775161,92
MAR (m3);m3;2005;REGIÃO SUDESTE;SÃO PAULO;7654;6675;7245;7069;7438;7172;6530;7331;6890;6262;5792;5675;81733
MAR (m3);m3;2005;REGIÃO SUL;PARANÁ;40564;38703;34498;31446;40567;41040;39093;36281;24507;34661;32434;22544;416338
MAR (m3);m3;2006;REGIÃO NORTE;AMAZONAS;0;0;0;0;0;0;0;0;0;0;0;0;0
MAR (m3);m3;2006;REGIÃO NORDESTE;MARANHÃO;0;0;0;0;0;0;0;0;0;0;0;0;0
MAR (m3);m3;2006;REGIÃO NORDESTE;CEARÁ;46182,7;41604;46205;43423;43238;41187;46385;41707;40134;42733;41469;42390;516657,7
MAR (m3);m3;2006;REGIÃO NORDESTE;RIO GRANDE DO NORTE;50451;44513;54609;51861;50892;49539;50862;51222;48812;49719;46367;44315;593162
MAR (m3);m3;2006;REGIÃO NORDESTE;ALAGOAS;2334,4;2161;861;2267;2468;2240;2434;2330;2250;2216;2108;2125;25794,4
MAR (m3);m3;2006;REGIÃO NORDESTE;SERGIPE;28740,7;27224;31406;30503;31138;30654;30665;31359;31517;30524;30230;31718;365678,7
MAR (m3);m3;2006;REGIÃO NORDESTE;BAHIA;0;0;0;0;0;0;0;0;0;0;0;0;0
MAR (m3);m3;2006;REGIÃO SUDESTE;ESPÍRITO SANTO;31042,2;76597;116594;117016;258042;339019;326113;256563;276771;291808;274720;300196;2664481,2
MAR (m3);m3;2006;REGIÃO SUDESTE;RIO DE JANEIRO;7148963,53;6443000,47;7117555,56;7072836,87;7237696,83;6364738,26;7068085,96;7023586,13;6924346,2;7287389,97;7089939,58;7425706,89;84203846,25
MAR (m3);m3;2006;REGIÃO SUDESTE;SÃO PAULO;6292;5974;6222;5220;5331;6493;6526;6185;6141;6358;6026;5878;72646
MAR (m3);m3;2006;REGIÃO SUL;PARANÁ;36558;19384;21836;29713;29168;23647;23260;20701;15960;15318;15014;15007;265566
MAR (m3);m3;2007;REGIÃO NORTE;AMAZONAS;0;0;0;0;0;0;0;0;0;0;0;0;0
MAR (m3);m3;2007;REGIÃO NORDESTE;MARANHÃO;0;0;0;0;0;0;0;0;0;0;0;0;0
MAR (m3);m3;2007;REGIÃO NORDESTE;CEARÁ;40601;39946;40394;42293;41431;38653;38615;40245;40745;43618;41212;44714;492467
MAR (m3);m3;2007;REGIÃO NORDESTE;RIO GRANDE DO NORTE;45158;41745;43675;43714;43793;40688;40479;41275;39025;42586;37667;39615;499420
MAR (m3);m3;2007;REGIÃO NORDESTE;ALAGOAS;1778;1576;1691;1631;1728;1661;1637;1728;1696;1699;1598;1639;20062
MAR (m3);m3;2007;REGIÃO NORDESTE;SERGIPE;32512;29049;30424;25457;11675;27662;31342;31267;30773;63697;63349;57208;434415
MAR (m3);m3;2007;REGIÃO NORDESTE;BAHIA;0;0;667;2136;1595;2079;1399;2010;2040;3043;3175;3183;21327
MAR (m3);m3;2007;REGIÃO SUDESTE;ESPÍRITO SANTO;358718;307797;423588;357163;400584;541957;551826;564719;530124;531394;511698;675252;5754820
MAR (m3);m3;2007;REGIÃO SUDESTE;RIO DE JANEIRO;7112466,14;6533707,83;7206130,51;6868663,35;7030600,41;6897738,14;7117872,72;7028598,184;6660967,24;6664348,23;6570486,19;7128197,96;82819776,904
MAR (m3);m3;2007;REGIÃO SUDESTE;SÃO PAULO;5792;5052;4960;4499;5642;5454;5851;5668;4305;5524;5177;5029;62953
MAR (m3);m3;2007;REGIÃO SUL;PARANÁ;13574;10459;18615;28615;27663;18353;16465;16564;13152;26039;19283;10547;219329
MAR (m3);m3;2008;REGIÃO NORTE;AMAZONAS;0;0;0;0;0;0;0;0;0;0;0;;0
MAR (m3);m3;2008;REGIÃO NORDESTE;MARANHÃO;0;0;0;0;0;0;0;0;0;0;0;0;0
MAR (m3);m3;2008;REGIÃO NORDESTE;CEARÁ;28537;35668;37859;36902;38288;37615;40257;39940;37951;38491;34304;37414;443226
MAR (m3);m3;2008;REGIÃO NORDESTE;RIO GRANDE DO NORTE;38739;36328;25440;38927,75015;44869,63011;45205,06017;46102,64012;46153,76013;41997,69018;43463,10021;43089,44011;46390,51012;496706,5813
MAR (m3);m3;2008;REGIÃO NORDESTE;ALAGOAS;1588;1452;1505;1458,1;1531,3;1509,7;1574,6;1544,7;1459,9;823,9;1422;1421,8;17291
MAR (m3);m3;2008;REGIÃO NORDESTE;SERGIPE;64435;55963;58202;55559,72;53885,89;67259,06;85136,71;79885,29;70557,24;66763,85;59614,7;49490,28;766752,74
MAR (m3);m3;2008;REGIÃO NORDESTE;BAHIA;3802;3625;4397;3508,63056;3849,12078;3375,51065;3345,47063;3997,34079;3509,18061;4412,29095;4189,68064;3114,29041;45125,51602
MAR (m3);m3;2008;REGIÃO SUDESTE;ESPÍRITO SANTO;591676;532260;543100;528496,51;518637,94;510315,17;489916,74;463247,56;431195,27;461661,05;406187,92;426896,74;5903590,9
MAR (m3);m3;2008;REGIÃO SUDESTE;RIO DE JANEIRO;7073416,85;6630743,506;7010859,53;7031200,839;7380134,376;7189654,823;7422838,395;7520480,47;7390714,41;7525065,169;7212908,443;7633239,356;87021256,167
MAR (m3);m3;2008;REGIÃO SUDESTE;SÃO PAULO;4829;4539;4784;3906;4789;4594;4581;4564;3685;648;3236;3795;47950
MAR (m3);m3;2008;REGIÃO SUL;PARANÁ;18526;9930;18672;16184;18594;20030;21760;20637;10255;4059;2815;2081;163543
MAR (m3);m3;2009;REGIÃO NORTE;AMAZONAS;0;0;0;0;0;0;0;0;0;0;0;;0
MAR (m3);m3;2009;REGIÃO NORDESTE;MARANHÃO;0;0;0;0;0;0;0;0;0;0;0;0;0
MAR (m3);m3;2009;REGIÃO NORDESTE;CEARÁ;37038;34001;35297;35471;36343;28174;31326;35006;35927;30788;29709;34564;403644
MAR (m3);m3;2009;REGIÃO NORDESTE;RIO GRANDE DO NORTE;45452,4301;39149,89014;39985,92014;37720,00012;40916,02013;42302,43014;42980,03017;39597,32017;37856,27008;38876,36011;36485,12;37604,71;478926,5013
MAR (m3);m3;2009;REGIÃO NORDESTE;ALAGOAS;1393,6;1226,4;1338,9;1217;1305,4;1207,5;1295,2;1328,5;1260,2;1264;1203,6;1214,3;15254,6
MAR (m3);m3;2009;REGIÃO NORDESTE;SERGIPE;48714,06;41635,13;44459,4;35849,04;40120,7;40193,82;41416,5;38227,0751;56836,60747;56343,97598;57594,347;57486,2038;558876,85935
MAR (m3);m3;2009;REGIÃO NORDESTE;BAHIA;2768,57054;3468,32073;3598,78064;3399,16054;4195,8708;4716,3511;5522,53146;5317,9408;5656,02169;5432,00125;4399,5;5332,54;53807,58955
MAR (m3);m3;2009;REGIÃO SUDESTE;ESPÍRITO SANTO;375406,65;298007,49;428817,78;414826,25;417254,08;340760,45;314148,94;381691,24;388872;473348;493864,65;660614,81;4987612,34
MAR (m3);m3;2009;REGIÃO SUDESTE;RIO DE JANEIRO;7914881,9537;7268413;8153621,86;7881021,109;8221855,63;7833672,48;8121644,012;8261781,293;8122121;8311836;7980188,012;8149945,542;96220981,8917
MAR (m3);m3;2009;REGIÃO SUDESTE;SÃO PAULO;3256;2839,13;3047,24;3183,43;3599,31;3512,64;3548,38;2597,03;6608,36;8440,75;5958,91;6410,95;53002,13
MAR (m3);m3;2009;REGIÃO SUL;PARANÁ;0;0;0;0;0;0;0;0;0;0;0;0;0
MAR (m3);m3;2010;REGIÃO NORTE;AMAZONAS;0;0;0;0;0;0;0;0;0;0;0;0;0
MAR (m3);m3;2010;REGIÃO NORDESTE;MARANHÃO;0;0;0;0;0;0;0;0;0;0;0;0;0
MAR (m3);m3;2010;REGIÃO NORDESTE;CEARÁ;27629;11996;30248;32786;36156;35273;34153;33595;29851;31322;26845;29641;359495
MAR (m3);m3;2010;REGIÃO NORDESTE;RIO GRANDE DO NORTE;37302,98;33891,81;37404,65;35101,3;38987,33;38914,03;39657,67;41200,33;38694,58;39964,13;38852,89;43337,322;463309,022
MAR (m3);m3;2010;REGIÃO NORDESTE;ALAGOAS;824,6;991,8;970,1;1227,1;1254,6;1147,6;1285;1283,7;1231,3;1183,9;1039,59;1122,19;13561,48
MAR (m3);m3;2010;REGIÃO NORDESTE;SERGIPE;52879,16476;41733,37;43717,97;44045,64;44690,66958;42724,4757;36657,24396;39742,96435;40739,86705;40868,2119;24605,23019;34638,85098;487043,65847
MAR (m3);m3;2010;REGIÃO NORDESTE;BAHIA;5091,68;4958,86;4593,11;3856,36;3858,95;4310,45;4483,39;4846,58;4890,85;4994,85;4541,18;4158,658;54584,918
MAR (m3);m3;2010;REGIÃO SUDESTE;ESPÍRITO SANTO;759410,54;729116,67999;886756,30999;884847,02999;951994,34699;962628,79901;1106693,685;1113794,90599;1080886,754;1082651,482;1081184,57901;1320946,935;11960912,04697
MAR (m3);m3;2010;REGIÃO SUDESTE;RIO DE JANEIRO;8058112,638;7351240,791;8128101,308;8003255,239;8180220,563;7754130,12;7928506,185;8004216,544;7368317,49;7665164,132;7838164,457;8286625,488;94566054,955
MAR (m3);m3;2010;REGIÃO SUDESTE;SÃO PAULO;7140,91;6717,12;30403,46;53890,96;89686,59;86662,32;94332,82;91805,97;86864,34;98482,38;81001,09;112149,44;839137,4
MAR (m3);m3;2010;REGIÃO SUL;PARANÁ;0;0;0;0;0;0;0;0;0;0;0;0;0
MAR (m3);m3;2011;REGIÃO NORTE;AMAZONAS;0;0;0;0;0;0;0;0;0;0;0;0;0
MAR (m3);m3;2011;REGIÃO NORDESTE;MARANHÃO;0;0;0;0;0;0;0;0;0;0;0;0;0
MAR (m3);m3;2011;REGIÃO NORDESTE;CEARÁ;17362;27717;30214;27175;26939;25452;23871;29545;27455;27284;30465;32557;326036
MAR (m3);m3;2011;REGIÃO NORDESTE;RIO GRANDE DO NORTE;40958,547;33947,246;38310,127;36865,157;35787,125;35472,363;37929,895;38953,562;38459,257;38336,182;35754,784;35705,048;446479,293
MAR (m3);m3;2011;REGIÃO NORDESTE;ALAGOAS;1058,36;961,97;978,75;975,21;1056,85;1037,48;955,37;2158,57;2057,487;1959,949;1961,109;1980,17;17141,275
MAR (m3);m3;2011;REGIÃO NORDESTE;SERGIPE;34593,17791;32301,00762;31994,90663;31434,82093;64240,40674;61930,69161;60270,34244;60029,01879;42042,08338;50084,57955;49281,90621;52002,83679;570205,7786
MAR (m3);m3;2011;REGIÃO NORDESTE;BAHIA;3818,26;3288,456;2911,161;2161,525;3373,299;2847,633;4106,249;3288,467;3284,112;3077,894;3605,286;3516,922;39279,264
MAR (m3);m3;2011;REGIÃO SUDESTE;ESPÍRITO SANTO;1442587,56201;1334184,622;1455173,024;1381747,75502;1467488,06999;1471481,285;1480643,40301;1452120,72702;1459889,29389;1495500,69959;1514077,47901;1643144,15499;17598038,07553
MAR (m3);m3;2011;REGIÃO SUDESTE;RIO DE JANEIRO;7827833,865;6795080,961;7669403,793;7307556,826;7533282,043;7526588,222;7507104,592;7478879,987;7412973,019;7647211,807;7690055,08501;7997169,738;90393139,93801
MAR (m3);m3;2011;REGIÃO SUDESTE;SÃO PAULO;185834,32;135835,34;134397,4;131475,05;203115,26;204443,69;220934,36;145719,09;143807,26;208111,79;251620,78;257923,62;2223217,96
MAR (m3);m3;2011;REGIÃO SUL;PARANÁ;0;0;0;0;0;0;0;0;0;0;0;0;0
MAR (m3);m3;2012;REGIÃO NORTE;AMAZONAS;0;0;0;0;0;0;0;0;0;0;0;0;0
MAR (m3);m3;2012;REGIÃO NORDESTE;MARANHÃO;0;0;0;0;0;0;0;0;0;0;0;0;0
MAR (m3);m3;2012;REGIÃO NORDESTE;CEARÁ;31977;29308,44;24385,325;19950,038;20881,717;21392,584;21954,221;23025,603;22092,453;25980,943;27637,287;36498,563;305084,174
MAR (m3);m3;2012;REGIÃO NORDESTE;RIO GRANDE DO NORTE;37112,667;35205,359;36234,859;36118,598;36591,287;35160,485;37078,034;36680,7;36176,906;37091,194;39199,049;40114,772;442763,91
MAR (m3);m3;2012;REGIÃO NORDESTE;ALAGOAS;1937,193;1726,261;361,27;0;0;0;451,502;1896,13;1912,415;685,084;1995,478;1991,481;12956,814
MAR (m3);m3;2012;REGIÃO NORDESTE;SERGIPE;48589,52679;40177,77929;46380,92811;40708,45896;46488,99048;45053,06082;42399,69888;42658,1665;41443,281;42441,28599;29955,273;42505,011;508801,46082
MAR (m3);m3;2012;REGIÃO NORDESTE;BAHIA;3908,129;3300,333;3219,299;3944,645;4039,216;4038,755;4432,454;4758,823;4448,413;4471,598;4059,682;4227,578;48848,925
MAR (m3);m3;2012;REGIÃO SUDESTE;ESPÍRITO SANTO;1603847,132;1521602,59384;1535818,986;1445881,44598;1435031,54199;1321672,83999;1303656,07001;1308465,77401;1248339,333;1410938,15901;1432630,50601;1549651,76099;17117536,14283
MAR (m3);m3;2012;REGIÃO SUDESTE;RIO DE JANEIRO;8170115,22502;7583381,018;7618817,014;7119421,73001;7513301,336;7260693,099;7527389,239;7421511,88;6820735,973;7369903,029;7218675,394;7644429,213;89268374,15003
MAR (m3);m3;2012;REGIÃO SUDESTE;SÃO PAULO;230119,07;131070,3;142443,37;132048,6;136784,51;136115,73;143006,43;143676,57;133961,53;131427,76;134968,1;140711,58;1736333,55
MAR (m3);m3;2012;REGIÃO SUL;PARANÁ;0;0;0;0;0;0;0;0;0;0;0;0;0
MAR (m3);m3;2013;REGIÃO NORTE;AMAZONAS;0;0;0;0;0;0;0;0;0;0;0;0;0
MAR (m3);m3;2013;REGIÃO NORDESTE;MARANHÃO;0;0;0;0;0;0;0;0;0;0;0;0;0
MAR (m3);m3;2013;REGIÃO NORDESTE;CEARÁ;39495,44;35332,086;39492,393;39557,394;40724,956;36335,545;34038,876;34780,714;31926,506;31373,248;25846,63;29781,77;418685,558
MAR (m3);m3;2013;REGIÃO NORDESTE;RIO GRANDE DO NORTE;40864,104;34110,201;38348,464;36837,948;33904,438;36116,217;36146,5;36530,437;33738,537;32473,662;35797,026;35723,437;430590,971
MAR (m3);m3;2013;REGIÃO NORDESTE;ALAGOAS;1947,666;1713,454;1891,29;1783,866;1675,939;1643,27;1623,45;1836,43;1706,11;1682,88;1656,87;1676,05;20837,275
MAR (m3);m3;2013;REGIÃO NORDESTE;SERGIPE;40653,14999;35419,36499;37100,84199;36204,978;38909,596;37119,21098;36118,36092;60447,97404;64956,16297;65840,87002;60977,08096;61749,16611;575496,75697
MAR (m3);m3;2013;REGIÃO NORDESTE;BAHIA;4072,758;3668,77;4847,78;3773,906;5657,527;5503,203;5381,754;5426,373;5453,134;4344,109;5687,304;7323,236;61139,854
MAR (m3);m3;2013;REGIÃO SUDESTE;ESPÍRITO SANTO;1516917,662;1387975,705;1397126,87099;1335271,38899;1536116,857;1486433,13202;1403494,33901;1397137,21201;1435321,215;1466946,782;1342057,243;1471186,50701;17175984,91403
MAR (m3);m3;2013;REGIÃO SUDESTE;RIO DE JANEIRO;7512430,14399;6534433,62501;6572096,05333;6554411,622;6955285,632;7174851,11094;6992375,007;7166532,038;7152605,363;7415339,843;7146865,301;7409677,52373;84586903,263
MAR (m3);m3;2013;REGIÃO SUDESTE;SÃO PAULO;84443,31;137861,34;155012,04;304384,57;343253,96;408634,41;381212,2;359501,68;433979,95;384525,01;488041,01;537376,24;4018225,72
MAR (m3);m3;2013;REGIÃO SUL;PARANÁ;0;0;0;0;0;0;0;0;0;0;0;0;0
MAR (m3);m3;2014;REGIÃO NORTE;AMAZONAS;0;0;0;0;0;0;0;0;0;0;0;0;0
MAR (m3);m3;2014;REGIÃO NORDESTE;MARANHÃO;0;0;0;0;0;0;0;0;0;0;0;0;0
MAR (m3);m3;2014;REGIÃO NORDESTE;CEARÁ;29230,38;27815,493;30214,387;28763,512;31466,943;31610,16;31793,985;29945,603;24954,541;28898,636;28377,938;30045,831;353117,409
MAR (m3);m3;2014;REGIÃO NORDESTE;RIO GRANDE DO NORTE;34687,409;33294,424;37390,601;34455,026;33129,353;32893,227;35457,649;35315,146;34739,508;34208,908;34547,528;35598,673;415717,452
MAR (m3);m3;2014;REGIÃO NORDESTE;ALAGOAS;1632,25;1443,63;1582,11;1515,65;1408,68;1586,721;1636,33;1619,96;1513,47;1514,7;1281,54;1472,421;18207,462
MAR (m3);m3;2014;REGIÃO NORDESTE;SERGIPE;50574,79103;68172,547;76018,328;70358,13595;69724,15902;65252,66008;65659,14602;64511,157;60722,22;61673,53501;58792,454;57885,255;769344,38811
MAR (m3);m3;2014;REGIÃO NORDESTE;BAHIA;5901,664;5841,137;6346,022;5946,716;6146,051;5180,623;4921,07;3779,198;3136,956;3062,814;3003,167;3277,374;56542,792
MAR (m3);m3;2014;REGIÃO SUDESTE;ESPÍRITO SANTO;1493077,7655;1246138,99701;1503247,395;1554381,52399;1672612,203;1660457,22901;1737620,365;1797042,916;1808724,00001;2011960,34501;1950786,315;2031818,51;20467867,56453
MAR (m3);m3;2014;REGIÃO SUDESTE;RIO DE JANEIRO;7140197,5508;6625514,22685;7250518,12043;6998270,78417;7309184,74302;7258574,04812;7739094,36417;7855035,27504;7771335,49794;7925494,39898;7427022,6952;8246426,31984;89546668,02456
MAR (m3);m3;2014;REGIÃO SUDESTE;SÃO PAULO;538124,71;529321,66;694116;729993,92;826300,34;844269,64;722750,63;851699,99;744769,84;900936,83;949713,02;1085678,51;9417675,09
MAR (m3);m3;2014;REGIÃO SUL;PARANÁ;0;0;0;0;0;0;0;0;0;0;0;0;0
MAR (m3);m3;2015;REGIÃO NORTE;AMAZONAS;0;0;0;0;0;0;0;0;0;0;0;0;0
MAR (m3);m3;2015;REGIÃO NORDESTE;MARANHÃO;0;0;0;0;0;0;0;0;0;0;0;0;0
MAR (m3);m3;2015;REGIÃO NORDESTE;CEARÁ;29672,901;22453,003;26839,29;28203,584;29341,049;26520,096;26030,374;26081,633;24763,702;19908,552;17648,405;24729,629;302192,218
MAR (m3);m3;2015;REGIÃO NORDESTE;RIO GRANDE DO NORTE;37045,389;31208,186;35630,162;35798,69;36749,81;36637;36077,021;35227,029;33917,56;34988,957;26569,776;32524,617;412374,197
MAR (m3);m3;2015;REGIÃO NORDESTE;ALAGOAS;1343,7;1248,45;1432;1265,28;1396,07;1365,739;1418,143;1432,711;1250,826;871,223;1232,217;1226,375;15482,734
MAR (m3);m3;2015;REGIÃO NORDESTE;SERGIPE;55089,03599;47575,873;49738,606;45550,737;45456,844;40349,258;17039,537;31148,935;38555,162;37107,205;36297,433;31830,43;475739,05599
MAR (m3);m3;2015;REGIÃO NORDESTE;BAHIA;2903,208;2665,309;3227,718;3023,449;3181,871;2988,027;3003,918;2443,944;3877,208;4036,425;3174,231;3657,868;38183,176
MAR (m3);m3;2015;REGIÃO SUDESTE;ESPÍRITO SANTO;1977977,82901;1723246,465;1665852,656;1604450,472;1812894,551;1742925,48792;2014373,36293;2034487,53894;1776180,71092;1717801,5899;1690461,28393;1954070,78182;21714722,72937
MAR (m3);m3;2015;REGIÃO SUDESTE;RIO DE JANEIRO;8200918,02514;7312518,29694;8270828,18802;7701765,59562;7917312,42169;7543124,04203;7942502,30196;8307769,00504;7526336,904;7963565,46186;7700870,72592;8515875,50657;94903386,47479
MAR (m3);m3;2015;REGIÃO SUDESTE;SÃO PAULO;1057735,83;949257,73;1037518,84;1231271,81;1248350,41;1272378,76;1328331,23;1333322,83;1259218,1;1293181,28;1155190,23;1137992,52;14303749,57
MAR (m3);m3;2015;REGIÃO SUL;PARANÁ;0;0;0;0;0;0;0;0;0;0;0;;0
MAR (m3);m3;2016;REGIÃO NORTE;AMAZONAS;0;0;0;0;0;0;0;0;0;0;0;0;0
MAR (m3);m3;2016;REGIÃO NORDESTE;MARANHÃO;0;0;0;0;0;0;0;0;0;0;0;0;0
MAR (m3);m3;2016;REGIÃO NORDESTE;CEARÁ;27740,074;23648,268;27912,898;26199,518;26082,74;26328,167;26519,843;26154,174;23703,748;25600,643;23798,538;22778,836;306467,447
MAR (m3);m3;2016;REGIÃO NORDESTE;RIO GRANDE DO NORTE;32518,836;31883,021;31698,039;31934,43;30915,447;27487,119;29167,178;30438,353;29148,438;27961,441;27473,475;28236,65;358862,427
MAR (m3);m3;2016;REGIÃO NORDESTE;ALAGOAS;1264,58;685,3;926,625;611,062;669,824;803,847;635,157;992,372;626,273;528,401;473,623;529,241;8746,305
MAR (m3);m3;2016;REGIÃO NORDESTE;SERGIPE;39767,35;35594,76007;37247,64004;36099,12;37240,28998;36738,07003;38202,94011;38647,58002;36787,78003;36331,01;30188,01005;28793,27002;431637,82035
MAR (m3);m3;2016;REGIÃO NORDESTE;BAHIA;3985,488;4366,419;4351,065;4083,613;4428,977;3517,247;3787,263;3886,584;3958,101;3219,893;2790,231;2357,64607;44732,52707
MAR (m3);m3;2016;REGIÃO SUDESTE;ESPÍRITO SANTO;1661223,24063;1632492,25393;1670294,24793;1872368,95891;1943701,60523;1764402,45291;1929644,8412;2006080,23319;1924916,22519;1799803,80804;1921341,65699;2050792,10039;22177061,62454
MAR (m3);m3;2016;REGIÃO SUDESTE;RIO DE JANEIRO;7753445,30916;7218373,10604;7273597,39944;6856023,34729;8112522,59108;8304837,206;8583688,92437;8667386,86144;8517628,73463;8828387,79521;8502165,30628;9113509,1435;97731565,72444
MAR (m3);m3;2016;REGIÃO SUDESTE;SÃO PAULO;1305026,81;1092933,39;1349859,55;1360087,29;1343105,83;1310872,65;1384108,1;1364934,37;1508395,7;1520493,38;1251903,93;1521146,78;16312867,78
MAR (m3);m3;2016;REGIÃO SUL;PARANÁ;0;0;0;0;0;0;0;0;0;0;0;0;0
MAR (m3);m3;2017;REGIÃO NORTE;AMAZONAS;0;0;0;0;0;0;0;0;0;0;0;0;0
MAR (m3);m3;2017;REGIÃO NORDESTE;MARANHÃO;0;0;0;0;0;0;0;0;0;0;0;0;0
MAR (m3);m3;2017;REGIÃO NORDESTE;CEARÁ;22924,782;19517,646;20564,091;19485,707;20743,697;23913,497;21984,927;19553,454;18735,034;20050,561;20766,753;19414,631;247654,78
MAR (m3);m3;2017;REGIÃO NORDESTE;RIO GRANDE DO NORTE;28854,554;25538,936;29243,977;26853,13646;23077,47845;28463,51396;29918,48999;29397,57765;28138,02667;28960,76009;26816,19599;28001,15795;333263,80421
MAR (m3);m3;2017;REGIÃO NORDESTE;ALAGOAS;662,143;308,862;882,503;712,404;895,524;813,232;636,011;673,037;681,732;440,568;536,123;777,2;8019,339
MAR (m3);m3;2017;REGIÃO NORDESTE;SERGIPE;27639,04999;24420,54002;27769,74994;25037,5;26593,19998;14947,75102;27906,97601;25117,21403;23615,10101;25410,30401;26012,89799;27492,83097;301963,11497
MAR (m3);m3;2017;REGIÃO NORDESTE;BAHIA;2504,89293;2456,56524;2674,52647;2350,67156;3154,02273;2350,77565;2697,0512;3109,77927;2891,84484;2802,76057;2722,16191;2982,34603;32697,3984
MAR (m3);m3;2017;REGIÃO SUDESTE;ESPÍRITO SANTO;1903661,95287;1728977,17977;1889035,41989;1795981,7896;1953447,49072;1859405,69131;1401738,54112;1888049,65782;1718768,52785;1698961,86501;1647235,43669;1798162,34385;21283425,8965
MAR (m3);m3;2017;REGIÃO SUDESTE;RIO DE JANEIRO;9024811,08014;8068718,80065;8306629,87093;8054543,57907;8768365,19682;8578041,50663;9119232,94196;8336197,06637;8694653,79669;9093622,6564;8734488,46082;8698272,35253;103477577,30901
MAR (m3);m3;2017;REGIÃO SUDESTE;SÃO PAULO;1556998,41;1442332,97;1648916,08;1578571,88;1646891,95;1646031,38;1697299,64;1776600,07;1566674,13;1464085,17;1341052,77;1715317,95;19080772,4
MAR (m3);m3;2017;REGIÃO SUL;PARANÁ;0;0;0;0;0;0;0;0;0;0;0;0;0
MAR (m3);m3;2018;REGIÃO NORTE;AMAZONAS;0;0;0;0;0;;;;;;;;0
MAR (m3);m3;2018;REGIÃO NORDESTE;MARANHÃO;0;0;0;0;0;;;;;;;;0
MAR (m3);m3;2018;REGIÃO NORDESTE;CEARÁ;19202,178;17505,031;20250,581;21215,766;22191,999;;;;;;;;100365,555
MAR (m3);m3;2018;REGIÃO NORDESTE;RIO GRANDE DO NORTE;27521,41023;24342,16417;28206,8678;27067,97454;28029,64097;;;;;;;;135168,05771
MAR (m3);m3;2018;REGIÃO NORDESTE;ALAGOAS;481,945;444,689;334,352;349,99;1157,381;;;;;;;;2768,357
MAR (m3);m3;2018;REGIÃO NORDESTE;SERGIPE;26639,41496;24390,55405;24968,41299;19457,62001;25838,01699;;;;;;;;121294,019
MAR (m3);m3;2018;REGIÃO NORDESTE;BAHIA;2797,29534;2439,22613;2618,7887;2402,89773;2619,69688;;;;;;;;12877,90478
MAR (m3);m3;2018;REGIÃO SUDESTE;ESPÍRITO SANTO;1650026,83065;1482995,8624;1646207,65439;1685202,35357;1652878,34508;;;;;;;;8117311,04609
MAR (m3);m3;2018;REGIÃO SUDESTE;RIO DE JANEIRO;8898022,62125;8037894,3444;8708596,69513;8764614,4783;8969757,56144;;;;;;;;43378885,70052
MAR (m3);m3;2018;REGIÃO SUDESTE;SÃO PAULO;1676940,94047;1532078,02;1611361,69;1324306,81;1600627,51;;;;;;;;7745314,97047
MAR (m3);m3;2018;REGIÃO SUL;PARANÁ;0;0;0;0;0;;;;;;;;0
